"claim_id","figure_panel","task","metric","representation","stratification","source_stage","source_file","denominator_fields","status","notes","source_run_id","source_table_key","caution_codes","support_decision"
"C2_F2a_internal_group_lincs","F2a","Task1_internal","mean_cosine_centroid|mean_pcc_centroid","Gene|Pathway","scope=internal;dataset_or_direction=LINCS;perturbation_type=Chemical|Genetic","s1_task1_internal_metrics","runs/s1_task1_internal_metrics_0303/s1_task1_internal_metrics/task1_leaderboard_long.csv","n_total|n_valid|n_excluded","extracted","Primary internal reference-frame evidence for common LINCS scope; use task1_attrition.csv for support-loss explanation; do not describe as a Task2 ceiling","s1_task1_internal_metrics_0303","scope=internal AND dataset_or_direction=LINCS AND metric_name IN {mean_cosine_centroid,mean_pcc_centroid}","GROUP_PRIMARY|NO_CEILING_LANGUAGE","main_text_candidate"
"C2_F2b_internal_retrieval_lincs","F2a","Task1_internal","mean_mrr_corrected|mean_hit1_corrected|mean_hit5_corrected|mean_hit10_corrected","Gene|Pathway","scope=internal;dataset_or_direction=LINCS;perturbation_type=Chemical|Genetic","s1_task1_internal_metrics","runs/s1_task1_internal_metrics_0303/s1_task1_internal_metrics/task1_retrieval_summary.csv","n_total|n_valid|n_excluded_missing_metric_or_mpos0|N_gallery_max","extracted","Supporting retrieval layer for internal LINCS calibration; validate corrected metrics against task1_chance_identity_check.csv","s1_task1_internal_metrics_0303","scope=internal AND dataset_or_direction=LINCS","RETRIEVAL_SUPPORT_ONLY|CHANCE_VALIDATED","main_text_candidate"
"C2_F2a_internal_group_scperturb_common_scope","F2a","Task1_internal","mean_cosine_centroid|mean_pcc_centroid","Gene|Pathway","scope=internal;dataset_or_direction=scPerturb;perturbation_type=Chemical|Genetic","s1_task1_internal_metrics","runs/s1_task1_internal_metrics_0303/s1_task1_internal_metrics/task1_leaderboard_long.csv","n_total|n_valid|n_excluded","extracted","Local common-scope scPerturb internal group rows exist in S1 outputs and should be indexed separately from the additional FM rows; useful for supplementary completeness or optional Figure 2 internal calibration support","s1_task1_internal_metrics_0303","scope=internal AND dataset_or_direction=scPerturb AND representation IN {Gene,Pathway} AND metric_name IN {mean_cosine_centroid,mean_pcc_centroid}","GROUP_PRIMARY|COMMON_SCOPE_EXISTS_LOCALLY|SUPPLEMENTARY_COMPLETENESS","supplementary_only"
"C2_F2a_internal_retrieval_scperturb_common_scope","F2a","Task1_internal","mean_mrr_corrected|mean_hit1_corrected|mean_hit5_corrected|mean_hit10_corrected","Gene|Pathway","scope=internal;dataset_or_direction=scPerturb;perturbation_type=Chemical|Genetic","s1_task1_internal_metrics","runs/s1_task1_internal_metrics_0303/s1_task1_internal_metrics/task1_retrieval_summary.csv","n_total|n_valid|n_excluded_missing_metric_or_mpos0|N_gallery_max","extracted","Local common-scope scPerturb internal retrieval rows exist in S1 outputs and should be indexed separately from the additional FM rows; retrieval remains supporting evidence only","s1_task1_internal_metrics_0303","scope=internal AND dataset_or_direction=scPerturb AND representation IN {Gene,Pathway}","RETRIEVAL_SUPPORT_ONLY|COMMON_SCOPE_EXISTS_LOCALLY|CHANCE_VALIDATED|SUPPLEMENTARY_COMPLETENESS","supplementary_only"
"C2_F2c_internal_group_scperturb_fm","F2a","Task1_internal","mean_cosine_centroid|mean_pcc_centroid","FM:*","scope=internal;dataset_or_direction=scPerturb;perturbation_type=Chemical|Genetic","s1_task1_internal_metrics","runs/s1_task1_internal_metrics_0303/s1_task1_internal_metrics/task1_leaderboard_long.csv","n_total|n_valid|n_excluded","extracted","Real internal Task1 evidence but materialized as scPerturb FM-only scope; keep outside the main common-scope calibration path","s1_task1_internal_metrics_0303","scope=internal AND dataset_or_direction=scPerturb AND metric_name IN {mean_cosine_centroid,mean_pcc_centroid}","GROUP_PRIMARY|SCOPE_ASYMMETRY","supplementary_only"
"C2_F2d_internal_retrieval_scperturb_fm","F2a","Task1_internal","mean_mrr_corrected|mean_hit1_corrected|mean_hit5_corrected|mean_hit10_corrected","FM:*","scope=internal;dataset_or_direction=scPerturb;perturbation_type=Chemical|Genetic","s1_task1_internal_metrics","runs/s1_task1_internal_metrics_0303/s1_task1_internal_metrics/task1_retrieval_summary.csv","n_total|n_valid|n_excluded_missing_metric_or_mpos0|N_gallery_max","extracted","Supporting retrieval evidence only; the FM-local slice should remain separate from the local common-scope scPerturb Gene/Pathway rows","s1_task1_internal_metrics_0303","scope=internal AND dataset_or_direction=scPerturb AND representation NOT IN {Gene,Pathway}","RETRIEVAL_SUPPORT_ONLY|FM_LOCAL_ONLY|CHANCE_VALIDATED","supplementary_only"
"C2_F2e_cross_group_genetic","F2b","Task1_cross","mean_cosine_centroid|mean_pcc_centroid","Gene|Pathway","scope=cross;dataset_or_direction=LINCS_to_scPerturb;perturbation_type=Genetic","s2_task1_cross_metrics","runs/s2_task1_cross_metrics_0303/s2_task1_cross_metrics/task1_cross_leaderboard_long.csv","n_total|n_valid|n_excluded|cross_alignment_contract","extracted","Primary supported cross-ecosystem calibration slice; group-level rows are genetic-only and materialized once because the group comparison is symmetric; confirm eligibility from task1_cross_alignment_proof.csv","s2_task1_cross_metrics_0303","scope=cross AND dataset_or_direction=LINCS_to_scPerturb AND perturbation_type=Genetic AND metric_name IN {mean_cosine_centroid,mean_pcc_centroid}","GROUP_PRIMARY|CROSS_GENETIC_ONLY|ALIGNMENT_CONTRACT_REQUIRED","main_text_candidate"
"C2_F2f_cross_retrieval_genetic","F2c","Task1_cross","mean_mrr_corrected|mean_hit1_corrected|mean_hit5_corrected|mean_hit10_corrected","Gene|Pathway","scope=cross;dataset_or_direction=LINCS_to_scPerturb|scPerturb_to_LINCS;perturbation_type=Genetic","s2_task1_cross_metrics","runs/s2_task1_cross_metrics_0303/s2_task1_cross_metrics/task1_cross_retrieval_summary.csv","n_total|n_valid|n_excluded_missing_metric_or_mpos0|N_gallery_max","extracted","Directional cross retrieval support only; keep both directions separate and validate correction against task1_cross_chance_identity_check.csv","s2_task1_cross_metrics_0303","scope=cross AND perturbation_type=Genetic","RETRIEVAL_SUPPORT_ONLY|RETRIEVAL_DIRECTION_SPECIFIC|CROSS_GENETIC_ONLY|CHANCE_VALIDATED","main_text_candidate"
"C2_F2g_cross_chemical_policy_exclusion","F2d","Task1_cross","n_matched_keys|eligibility_policy","ALL","scope=cross;perturbation_type=Chemical","s2_task1_cross_metrics|contract_policy","runs/s2_task1_cross_metrics_0303/s2_task1_cross_metrics/task1_cross_alignment_proof.csv | runs/s2_task1_cross_metrics_0303/s2_task1_cross_metrics/task1_cross_attrition.csv | docs/contracts/exclusions-and-policies.md","n_matched_keys|eligible_bool|reason","extracted","Use only to state that cross chemical is excluded by frozen policy/support gating; the materialized S2 tables support the exclusion gate but not a manuscript-safe numeric rationale","s2_task1_cross_metrics_0303","perturbation_type=Chemical","CROSS_CHEMICAL_POLICY_EXCLUSION|POLICY_NUMERIC_CONFLICT","main_text_candidate"
"C3_F3a_group_common_scope","F3a","Task2_group","mean_cosine_centroid|mean_pcc_centroid","Gene|Pathway","dataset;cell_line;no raw dataset pooling","s6_task2_result_synthesis_multisource","runs/s6_multisource_impl_verify_20260311_a/s6_task2_result_synthesis_multisource/task2_group_leaderboard.csv","n_targets_total|n_targets_cosine_valid|n_targets_pcc_valid|n_attrition_target_rows","extracted","Primary mechanism-concordance evidence in the common representation scope; resolve target-level ambiguity back to S4 task2_group_concordance.csv","s6_multisource_impl_verify_20260311_a","representation IN {Gene,Pathway}","GROUP_PRIMARY|NO_RAW_DATASET_POOLING","main_text_candidate"
"C3_F3b_retrieval_c2g_common_scope","F3b","Task2_retrieval","mean_mrr_corrected|mean_hit1_corrected|mean_hit5_corrected|mean_hit10_corrected","Gene|Pathway","dataset;cell_line;direction=C2G","s6_task2_result_synthesis_multisource","runs/s6_multisource_impl_verify_20260311_a/s6_task2_result_synthesis_multisource/task2_retrieval_leaderboard.csv","gallery_definition_id|pos_definition_id|n_total|n_valid|n_excluded_missing_metric_or_mpos0|N_gallery_mean|N_gallery_max|m_pos_mean|m_pos_p50|m_pos_p90","extracted","Supporting retrieval evidence for chemical-to-genetic direction; keep direction-specific and resolve ambiguity back to S5 task2_retrieval_summary.csv","s6_multisource_impl_verify_20260311_a","representation IN {Gene,Pathway} AND direction=C2G","RETRIEVAL_SUPPORT_ONLY|RETRIEVAL_DIRECTION_SPECIFIC|NO_RAW_DATASET_POOLING","main_text_candidate"
"C3_F3c_retrieval_g2c_common_scope","F3b","Task2_retrieval","mean_mrr_corrected|mean_hit1_corrected|mean_hit5_corrected|mean_hit10_corrected","Gene|Pathway","dataset;cell_line;direction=G2C","s6_task2_result_synthesis_multisource","runs/s6_multisource_impl_verify_20260311_a/s6_task2_result_synthesis_multisource/task2_retrieval_leaderboard.csv","gallery_definition_id|pos_definition_id|n_total|n_valid|n_excluded_missing_metric_or_mpos0|N_gallery_mean|N_gallery_max|m_pos_mean|m_pos_p50|m_pos_p90","extracted","Supporting retrieval evidence for genetic-to-chemical direction; keep separate from C2G because the corrected contract is direction-specific","s6_multisource_impl_verify_20260311_a","representation IN {Gene,Pathway} AND direction=G2C","RETRIEVAL_SUPPORT_ONLY|RETRIEVAL_DIRECTION_SPECIFIC|NO_RAW_DATASET_POOLING","main_text_candidate"
"C3_F3d_coverage_context","F3c","Task2_group","coverage_eligibility","dataset_scope","dataset;cell_line;target_token eligibility;representation scope","task2_snapshot_v2|s4_task2_group_concordance_multisource","data/task2_snapshot_v2/task2_pairs_coverage.csv | data/task2_snapshot_v2/representation_availability_registry.csv | runs/s4_multisource_impl_verify_20260310_c/s4_task2_group_concordance_multisource/task2_group_attrition.csv","n_chem_instances|n_gen_instances|is_eligible_bool|availability_status|n_chem_before|n_gen_before","extracted","Support-context row only; use to separate ineligible mechanism cohorts from not_applicable representation scope and from true attrition","s4_multisource_impl_verify_20260310_c","dataset;cell_line;target_token joins required for coverage","SUPPORT_CONTEXT_ONLY|SCOPE_NOT_ATTRITION|NO_RAW_DATASET_POOLING","supplementary_only"
"C3_F3e_specificity_tier","F3c","Task2_retrieval","query_level_retrieval_metrics","Gene|Pathway|FM","dataset=scPerturb;cell_line=K562;direction=C2G;join specificity_tier from snapshot metadata","s5_task2_retrieval_multisource|task2_snapshot_v2","runs/s5_multisource_impl_verify_20260311_a/s5_task2_retrieval_multisource/task2_retrieval_per_query.parquet | data/task2_snapshot_v2/scperturb_k562/derived/delta_meta.csv","query_row_id|N_gallery|m_pos","blocked","specificity_tier is absent from S4 through S6 summaries; LINCS metadata is NA-only and scPerturb tier is row-level plus direction-asymmetric; no frozen cohort aggregation rule exists for a manuscript-ready slice","s5_multisource_impl_verify_20260311_a","dataset=scPerturb AND cell_line=K562 AND direction=C2G","QUERY_LEVEL_JOIN_REQUIRED|SPECIFICITY_TIER_UNFROZEN_AGG|SCPERTURB_ONLY","blocked"
"C3_F3f_n_targets_complexity","F3d","Task2_retrieval","query_n_targets","Gene|Pathway|FM","dataset;cell_line;direction=C2G;query_n_targets exact values only","s5_task2_retrieval_multisource","runs/s5_multisource_impl_verify_20260311_a/s5_task2_retrieval_multisource/task2_retrieval_per_query.parquet","query_n_targets|N_gallery|m_pos","blocked","query_n_targets is materialized per query but no frozen binning or cohort-aggregation rule exists for promoting a complexity panel; G2C query_n_targets is not the intended chemical-complexity axis","s5_multisource_impl_verify_20260311_a","direction=C2G","QUERY_LEVEL_ONLY|N_TARGETS_UNFROZEN_AGG|RETRIEVAL_DIRECTION_SPECIFIC","blocked"
"C4_F3e_fm_group_k562_local","F3e","Task2_FM_scope","mean_cosine_centroid|mean_pcc_centroid","scgpt|geneformer|scbert|scfoundation|uce|state|tahoe-x1","dataset=scPerturb;cell_line=K562","s6_task2_result_synthesis_multisource","runs/s6_multisource_impl_verify_20260311_a/s6_task2_result_synthesis_multisource/task2_group_leaderboard.csv","n_targets_total|n_targets_cosine_valid|n_targets_pcc_valid|n_invalid_rows_unique|n_attrition_target_rows","extracted","Main-text eligible only as a local scPerturb K562 FM comparison; pair with representation_availability_registry.csv for scope disclosure and carry the UCE attrition caution where applicable","s6_multisource_impl_verify_20260311_a","dataset=scPerturb AND cell_line=K562 AND representation NOT IN {Gene,Pathway}","GROUP_PRIMARY|FM_LOCAL_SCOPE_ONLY|UCE_ATTRITION_PRESENT","main_text_candidate"
"C4_F3f_fm_retrieval_k562_local","F3f","Task2_FM_scope","mean_mrr_corrected|mean_hit1_corrected|mean_hit5_corrected|mean_hit10_corrected","scgpt|geneformer|scbert|scfoundation|uce|state|tahoe-x1","dataset=scPerturb;cell_line=K562;direction=C2G|G2C","s6_task2_result_synthesis_multisource","runs/s6_multisource_impl_verify_20260311_a/s6_task2_result_synthesis_multisource/task2_retrieval_leaderboard.csv","gallery_definition_id|pos_definition_id|n_total|n_valid|N_gallery_mean|N_gallery_max|m_pos_mean|m_pos_p50|m_pos_p90","extracted","Real local FM retrieval evidence but still supporting-only because Figure 3 keeps group-level concordance primary; directions must remain separate and UCE carries explicit attrition cautions","s6_multisource_impl_verify_20260311_a","dataset=scPerturb AND cell_line=K562 AND representation NOT IN {Gene,Pathway}","RETRIEVAL_SUPPORT_ONLY|FM_LOCAL_SCOPE_ONLY|RETRIEVAL_DIRECTION_SPECIFIC|UCE_ATTRITION_PRESENT","supplementary_only"
"C4_F3g_fm_scope_policy","F3e","Task2_FM_scope","scope_policy","scgpt|geneformer|scbert|scfoundation|uce|state|tahoe-x1","dataset=scPerturb;cell_line=K562 approved scope; LINCS FM rows are not_applicable_scope","task2_snapshot_v2","data/task2_snapshot_v2/representation_availability_registry.csv","availability_status|availability_reason","extracted","Use whenever FM findings are discussed to state that supported FM evidence is local to scPerturb K562 and that LINCS FM absence is scope policy rather than attrition","task2_snapshot_v2","dataset=scPerturb AND cell_line=K562","FM_LOCAL_SCOPE_ONLY|SCOPE_NOT_ATTRITION","main_text_candidate"
